M,CdX,Doping Site,?H(Cd-rich),?H(Mod),?H(Te-rich),(+3/+2),(+2/+1),(+1/0),(0/-1),(-1/-2),(-2/-3),,Descriptors -->,Period,Group,Site,Delta Ion. Rad.,Delta At. Wt.,Delta Cov. Rad.,Delta Ion. En.,Delta At. Rad.,Delta EA,Delta EN,Delta At. Num.,Delta Val.,# Cd Neighbors,# Te Neighbors,Corrected VBM (eV),Corrected CBM (eV),?H(Cd-rich),?H(Mod),?H(Te-rich)
Li,CdTe,M_Cd,1.305,0.838,0.601,-0.851,-0.558,-0.262,0.052,1.775,2.293,,,2,1,0,-0.19,-105.469,-0.18,-347.5,0.061,59.8,-0.71,-45,-1,0,4,1.171,1.156,1.516,1.048,0.812
Na,CdTe,M_Cd,1.317,1.080,0.989,-0.756,-0.480,-0.187,0.142,1.856,2.316,,,3,1,0,0.07,-89.42023,0.13,-371.9,0.411,52.7,-0.76,-37,-1,0,4,1.331,1.316,1.410,1.173,1.083
K,CdTe,M_Cd,1.892,1.655,1.677,-0.601,-0.277,-0.083,0.253,1.904,2.463,,,4,1,0,0.56,-73.3117,0.62,-448.9,0.861,48.36,-0.87,-29,-1,0,4,1.662,1.647,2.179,1.942,1.965
Rb,CdTe,M_Cd,2.123,1.886,2.041,-0.552,-0.258,0.024,0.354,1.968,2.422,,,5,1,0,0.66,-26.9422,0.75,-464.7,0.991,46.89,-0.87,-11,2,0,4,2.155,2.140,2.563,2.326,2.481
Cs,CdTe,M_Cd,2.392,2.155,2.375,-0.453,-0.234,0.103,0.469,1.972,2.514,,,6,1,0,0.79,20.4954,0.94,-492,1.181,45.49,-0.9,7,-1,0,4,2.000,2.000,3.000,3.000,3.000
Be,CdTe,M_Cd,0.580,0.461,0.342,-0.921,-0.646,-0.322,1.398,1.839,2.223,,,2,2,0,-0.5,-103.39782,-0.51,31.7,-0.369,-240,-0.12,-44,0,0,4,1.533,2.718,0.889,0.770,0.651
Mg,CdTe,M_Cd,0.501,0.124,0.125,-0.815,-0.529,-0.223,1.510,2.072,2.411,,,3,2,0,-0.23,-88.105,-0.05,-130,0.111,-230,-0.38,-36,0,0,4,1.512,2.907,0.490,0.113,0.114
Ca,CdTe,M_Cd,0.806,0.806,0.807,-0.719,-0.461,-0.151,1.611,2.065,2.463,,,4,2,0,0.05,-72.332,0.33,-277.9,0.481,-156,-0.69,-28,0,0,4,1.404,2.995,0.864,0.864,0.865
Sr,CdTe,M_Cd,1.062,1.062,1.063,-0.641,-0.410,-0.105,1.660,2.114,2.523,,,5,2,0,0.31,-24.79,0.5,-318.2,0.661,-168,-0.74,-10,0,0,4,1.494,2.995,1.276,1.276,1.277
Ba,CdTe,M_Cd,1.321,1.321,1.322,-0.586,-0.333,-0.024,1.713,2.169,2.592,,,6,2,0,0.47,24.92,0.57,-364.8,0.731,-52,-0.8,8,0,0,4,1.577,2.897,1.807,1.807,1.808
B,CdTe,M_Cd,3.478,3.004,2.530,-0.975,-0.658,0.891,1.398,1.870,2.241,,,2,13,0,-0.72,-101.599,-0.59,-67.1,-0.509,27,0.35,-43,1,0,4,3.315,3.300,3.794,3.320,2.846
Al,CdTe,M_Cd,0.838,0.776,1.036,-0.862,-0.544,1.142,1.612,2.024,2.466,,,3,13,0,-0.41,-85.42846,-0.23,-290.1,-0.059,45,-0.08,-35,1,0,4,3.562,3.547,1.017,0.954,1.214
Ga,CdTe,M_Cd,0.946,0.857,0.956,-0.831,-0.511,0.955,1.371,1.932,2.291,,,4,13,0,-0.33,-42.687,-0.15,-288.9,-0.079,29,0.12,-17,1,0,4,3.047,3.032,0.846,0.757,0.856
In,CdTe,M_Cd,1.591,0.737,0.934,-0.805,-0.513,1.067,1.589,2.033,2.489,,,5,13,0,-0.15,2.41,0.03,-309.4,0.171,29,0.09,1,1,0,4,3.342,3.327,1.577,0.723,0.920
Tl,CdTe,M_Cd,1.289,1.018,0.815,-0.769,-0.452,0.634,1.165,1.987,2.395,,,6,13,0,0.64,91.973,0.07,-278.4,0.221,30,0.35,33,1,0,4,2.869,2.854,1.270,0.999,0.796
C,CdTe,M_Cd,5.708,5.234,4.760,-0.892,-0.227,0.063,1.385,1.751,2.147,,,2,14,0,-0.79,-100.399,-0.64,218.7,-0.579,122.3,0.86,-42,2,0,4,2.905,3.506,5.973,5.499,5.025
Si,CdTe,M_Cd,2.244,1.770,1.296,-0.834,0.292,0.576,1.594,1.982,2.358,,,3,14,0,-0.69,-84.3245,-0.3,-81.3,-0.169,133.6,0.21,-34,2,0,4,2.928,3.408,2.229,1.755,1.281
Ge,CdTe,M_Cd,1.373,0.899,0.738,-0.758,-0.133,0.251,1.593,2.013,2.383,,,4,14,0,-0.42,-39.8,-0.19,-105.6,-0.119,120,0.32,-16,2,0,4,2.670,3.541,1.371,0.897,0.737
Sn,CdTe,M_Cd,1.169,0.969,0.970,-0.703,0.030,0.481,1.663,2.087,2.472,,,5,14,0,-0.24,6.3,0,-159.1,0.131,121,0.27,2,2,0,4,2.951,3.491,1.276,1.076,1.077
Pb,CdTe,M_Cd,0.848,0.848,0.849,-0.745,-0.338,0.165,1.654,2.088,2.478,,,6,14,0,0.24,94.79,0.06,-152.2,0.261,110,0.64,34,2,0,4,2.677,3.457,0.980,0.980,0.981
N,CdTe,M_Cd,5.083,4.530,3.977,-0.953,-0.648,0.604,0.904,0.904,2.748,,,2,15,0,0.76,-98.4033,-0.66,534.6,-0.569,-7,1.35,-41,3,0,4,2.155,2.140,5.076,4.523,3.970
P,CdTe,M_Cd,3.507,2.796,2.266,-0.808,-0.473,1.070,1.556,1.951,2.355,,,3,15,0,-0.78,-81.43624,-0.35,144,-0.209,71.7,0.5,-33,3,0,4,2.960,2.945,3.285,2.574,2.045
As,CdTe,M_Cd,3.130,2.133,1.682,-0.813,-0.504,1.173,1.607,1.991,2.362,,,4,15,0,-0.37,-37.4884,-0.21,79.3,-0.099,77,0.47,-15,3,0,4,3.131,3.116,2.950,1.953,1.502
Sb,CdTe,M_Cd,3.870,4.107,4.346,-0.722,-0.372,1.292,1.728,2.098,2.460,,,5,15,0,-0.19,9.347,-0.01,-34,0.101,101,0.36,3,3,0,4,3.390,3.375,3.867,4.104,4.342
Bi,CdTe,M_Cd,2.043,1.569,1.691,-0.741,-0.425,1.333,1.761,2.124,2.536,,,6,15,0,0.08,96.5704,0.05,-164.4,0.211,110,0.33,35,3,0,4,3.514,3.499,2.166,1.692,1.815
O,CdTe,M_Cd,5.596,4.648,3.952,-0.847,-0.537,0.003,0.003,0.741,1.998,,,2,16,0,0.45,-96.4106,-0.68,446.2,-0.759,141.1,1.75,-40,0,0,4,1.999,2.059,5.424,4.476,3.781
S,CdTe,M_Cd,5.043,4.095,3.147,-0.734,-1.556,0.433,0.433,1.081,2.035,,,3,16,0,-0.66,-80.344,-0.39,131.88,-0.219,200.42,0.89,-32,4,0,4,2.557,2.542,4.544,3.596,2.648
Se,CdTe,M_Cd,4.609,3.661,2.713,-0.748,0.132,0.625,1.171,1.849,2.339,,,4,16,0,-0.45,-33.45,-0.25,73.2,-0.089,194.96,0.86,-14,4,0,4,2.761,2.746,4.114,3.166,2.218
Te,CdTe,M_Cd,4.189,3.241,2.292,-0.684,0.353,0.875,1.360,1.959,2.429,,,5,16,0,0.02,15.19,-0.05,1.5,0.111,190.15,0.41,4,4,0,4,3.045,3.030,3.840,2.892,1.944
F,CdTe,M_Cd,5.079,4.368,3.657,-0.831,-0.556,-0.244,0.390,0.945,1.452,,,2,17,0,0.38,-93.4116,-0.69,813.3,-0.769,328,2.29,-39,-1,0,4,1.728,1.713,4.942,4.231,3.520
Cl,CdTe,M_Cd,4.694,3.983,3.272,-0.732,-0.416,0.015,0.787,1.434,2.030,,,3,17,0,0.86,-76.9573,-0.42,383.4,-0.499,348.8,1.47,-31,5,0,4,2.269,2.254,4.453,3.742,3.031
Br,CdTe,M_Cd,4.532,3.821,3.110,-0.699,-0.816,0.617,0.933,1.579,2.185,,,4,17,0,1.01,-32.506,-0.27,272.2,-0.349,324.6,1.27,-13,5,0,4,2.560,2.545,4.336,3.625,2.914
I,CdTe,M_Cd,4.436,3.725,3.014,-1.006,-0.256,0.796,1.173,1.750,2.379,,,5,17,0,1.25,14.4945,-0.08,140.7,-0.159,295.3,0.97,5,5,0,4,2.858,2.843,4.384,3.673,2.962
Sc,CdTe,M_Cd,1.355,1.592,1.830,-0.814,-0.526,1.197,1.699,2.071,2.431,,,4,3,0,-0.2,-67.4541,0.03,-236.7,0.117,18.1,-0.33,-27,1,0,4,3.348,3.333,1.464,1.701,1.939
Ti,CdTe,M_Cd,1.234,1.486,1.962,-0.815,0.113,0.611,1.523,1.941,2.345,,,4,4,0,-0.34,-64.53,-0.09,-209.7,-0.041,20,-0.15,-26,2,0,4,2.940,2.925,1.350,1.602,2.078
V,CdTe,M_Cd,1.352,1.356,1.748,-0.744,-0.465,0.646,1.321,1.905,2.267,,,4,5,0,-0.41,-61.4685,-0.19,-217.7,-0.168,50,-0.06,-25,3,0,4,2.722,2.707,1.330,1.333,1.725
Cr,CdTe,M_Cd,0.983,1.148,1.440,-0.843,-0.362,0.124,0.833,1.833,2.267,,,4,6,0,-0.33,-60.414,-0.23,-214.9,-0.24,64,-0.03,-24,4,0,4,2.210,2.195,0.893,1.058,1.350
Mn,CdTe,M_Cd,0.071,0.071,0.260,-0.853,-0.557,-0.214,1.461,1.996,2.356,,,4,7,0,-0.28,-57.472,-0.24,-150.3,-0.249,0,-0.14,-23,5,0,4,1.931,2.786,0.194,0.194,0.383
Fe,CdTe,M_Cd,1.122,1.122,1.555,-0.861,-0.538,0.234,0.943,1.754,2.176,,,4,8,0,-0.4,-56.563,-0.24,-108.4,-0.248,24,0.14,-22,4,0,4,2.211,2.196,1.076,1.076,1.509
Co,CdTe,M_Cd,0.956,0.963,1.439,-0.928,-0.609,-0.259,0.939,1.671,2.148,,,4,9,0,-0.3,-53.4768,-0.25,-109.7,-0.236,70,0.19,-21,1,0,4,1.542,1.527,1.176,1.183,1.659
Ni,CdTe,M_Cd,2.282,1.551,1.768,-0.893,-0.511,-0.071,0.558,1.255,2.084,,,4,10,0,-0.26,-53.7166,-0.26,-131,-0.243,111,0.22,-20,1,0,4,1.879,1.864,2.355,1.624,1.840
Cu,CdTe,M_Cd,2.151,1.115,0.922,-0.943,-0.537,-0.231,0.142,1.753,2.191,,,4,11,0,-0.22,-48.954,-0.24,-122.3,-0.211,118.3,0.21,-19,0,0,4,1.542,1.527,2.231,1.196,1.002
Zn,CdTe,M_Cd,0.219,0.219,0.220,-0.853,-0.575,-0.251,1.453,1.912,2.298,,,4,12,0,-0.21,-47.02,-0.16,38.7,-0.157,0,-0.04,-18,0,0,4,1.668,2.733,0.300,0.300,0.301
Y,CdTe,M_Cd,1.123,1.396,2.113,-0.750,-0.438,1.308,1.776,2.179,2.689,,,5,3,0,0.07,-23.5041,0.21,-251.7,0.321,0,-0.47,-9,1,0,4,3.654,3.639,1.365,1.639,2.355
Zr,CdTe,M_Cd,2.094,2.304,3.167,-0.777,0.574,1.037,1.623,2.093,2.478,,,5,4,0,-0.11,-21.186,0.04,-207.7,0.111,50,-0.36,-8,2,0,4,3.362,3.347,2.148,2.358,3.222
Nb,CdTe,M_Cd,2.654,2.509,3.245,-0.218,-0.041,1.038,1.601,2.008,2.359,,,5,5,0,-0.31,-19.5036,-0.07,-203.7,-0.06,96,-0.09,-7,3,0,4,3.085,3.070,2.486,2.341,3.077
Mo,CdTe,M_Cd,3.513,3.039,3.318,-0.737,0.258,0.698,1.185,1.873,2.347,,,5,6,0,-0.36,-16.47,-0.11,-182.8,-0.127,96,0.47,-6,4,0,4,2.870,2.854,3.382,2.908,3.187
Tc,CdTe,M_Cd,3.311,2.837,2.363,-0.567,0.135,0.214,1.302,1.742,2.148,,,5,7,0,-0.39,-14.41,-0.14,-165.7,-0.131,70,0.21,-5,5,0,4,2.500,2.485,3.356,2.882,2.408
Ru,CdTe,M_Cd,3.139,2.724,3.200,-0.884,-0.072,0.351,0.777,1.608,2.145,,,5,8,0,-0.33,-11.34,-0.16,-156.7,-0.164,110,0.51,-4,6,0,4,2.614,2.599,2.877,2.462,2.938
Rh,CdTe,M_Cd,2.018,2.012,2.488,-0.734,-0.321,0.030,0.841,1.424,1.922,,,5,9,0,-0.28,-9.5045,-0.16,-147.7,-0.144,120,0.59,-3,4,0,4,2.403,2.388,2.848,2.843,3.319
Pd,CdTe,M_Cd,2.693,1.745,1.736,-0.832,-0.462,-0.065,0.464,1.031,2.099,,,5,10,0,-0.31,-5.99,-0.13,-62.7,-0.114,60,0.51,-2,2,0,4,1.962,1.947,2.528,1.580,1.571
Ag,CdTe,M_Cd,1.788,0.939,0.589,-0.871,-0.526,-0.220,0.149,1.794,2.248,,,5,11,0,0.2,-4.542,-0.07,-136.7,-0.045,125.7,0.24,-1,0,0,4,1.535,1.520,1.752,0.904,0.554
Cd,CdTe,M_Cd,0.000,0.000,0.000,-0.803,-0.524,-0.199,1.525,1.987,2.371,,,5,12,0,0,0,0,0,0,0,0,0,0,0,4,1.746,2.886,0.000,0.000,0.000
La,CdTe,M_Cd,1.842,2.079,2.600,-0.735,-0.441,1.300,1.862,2.227,2.562,,,6,3,0,0.21,26.4955,-0.16,-329.6,0.388,50,-0.59,9,1,0,4,3.630,3.615,2.242,2.479,3.000
Hf,CdTe,M_Cd,1.640,1.166,0.692,-0.780,0.771,1.184,1.656,1.986,2.370,,,6,4,0,-0.12,66.08,0.03,-225.7,0.075,0,-0.39,24,2,0,4,3.456,3.441,1.556,1.082,0.608
Ta,CdTe,M_Cd,3.261,2.787,2.313,-0.117,0.231,1.085,1.641,2.074,2.395,,,6,5,0,-0.31,68.5379,-0.07,-106.7,-0.059,60,-0.19,25,3,0,4,3.204,3.189,3.240,2.766,2.292
W,CdTe,M_Cd,4.735,4.261,3.787,-0.545,0.460,0.917,1.380,1.718,2.358,,,6,6,0,-0.35,71.44,-0.11,-97.7,-0.119,60,0.67,26,4,0,4,3.111,3.096,4.428,3.954,3.480
Re,CdTe,M_Cd,4.700,4.226,3.752,-0.396,0.415,0.468,1.177,1.788,2.113,,,6,7,0,-0.42,73.797,-0.13,-107.7,-0.119,14,0.21,27,5,0,4,2.859,2.844,4.349,3.875,3.401
Os,CdTe,M_Cd,4.274,3.800,3.326,-0.808,0.104,0.531,0.974,1.627,2.187,,,6,8,0,-0.32,77.79,-0.15,-27.7,-0.149,110,0.51,28,6,0,4,2.947,2.932,3.916,3.442,2.968
Ir,CdTe,M_Cd,3.526,3.052,2.910,-0.596,-0.206,0.197,0.957,1.443,1.945,,,6,9,0,-0.32,79.81,-0.14,12.3,-0.132,150,0.51,29,1,0,4,2.730,2.715,2.803,2.329,2.186
Pt,CdTe,M_Cd,2.841,1.893,2.254,-0.721,-0.387,0.052,0.587,1.127,2.110,,,6,10,0,-0.32,82.67,-0.11,2.3,-0.109,205.3,0.59,30,2,0,4,2.310,2.295,2.666,1.718,2.080
Au,CdTe,M_Cd,2.661,1.160,0.856,-0.879,-0.468,-0.154,0.236,1.782,2.238,,,6,11,0,-0.1,84.5565,-0.07,22.4,-0.047,222.74,0.85,31,1,0,4,1.800,1.785,2.544,1.043,0.739
Hg,CdTe,M_Cd,1.133,0.343,0.162,-0.797,-0.515,-0.188,1.498,1.970,2.386,,,6,12,0,0.07,88.18,0.08,139.3,0.111,0,0.31,32,0,0,4,1.907,2.748,1.124,0.333,0.153
Li,CdTe,M_Te,3.684,4.165,4.877,0.233,0.365,0.994,1.267,1.621,1.937,,,2,1,1,-0.21,-120.659,-0.13,-349,-0.05,-130.35,-1.12,-49,-5,4,0,2.727,2.712,3.142,3.623,4.335
Na,CdTe,M_Te,3.178,3.890,4.747,0.347,0.541,1.240,1.530,1.977,2.257,,,3,1,1,0.05,-104.61023,0.18,-373.4,0.3,-137.45,-1.17,-41,-5,4,0,3.083,3.068,2.788,3.499,4.357
K,CdTe,M_Te,3.754,4.466,5.436,0.813,1.200,1.490,1.776,2.188,2.524,,,4,1,1,0.54,-88.5017,0.67,-450.4,0.75,-141.79,-1.28,-33,-5,4,0,3.952,3.937,3.662,4.373,5.344
Rb,CdTe,M_Te,3.760,4.471,5.574,0.800,1.355,1.587,1.888,2.262,2.544,,,5,1,1,0.64,-42.1322,0.8,-466.2,0.88,-143.26,-1.28,-15,-2,4,0,4.023,4.008,3.784,4.496,5.599
Cs,CdTe,M_Te,3.370,4.081,5.250,0.869,1.241,1.596,1.716,1.771,2.039,,,6,1,1,0.77,5.3054,0.99,-493.5,1.07,-144.66,-1.31,3,-5,4,0,4.048,4.032,3.988,4.700,5.868
Be,CdTe,M_Te,3.762,4.592,5.421,-0.716,0.166,0.252,0.573,1.098,1.546,,,2,2,1,-0.52,-118.58782,-0.46,30.2,-0.48,-430.15,-0.53,-48,-4,4,0,2.244,2.229,3.296,4.125,4.954
Mg,CdTe,M_Te,3.789,4.360,5.310,-0.682,0.674,0.893,1.157,1.535,2.016,,,3,2,1,-0.25,-103.295,0,-131.5,0,-420.15,-0.79,-40,-4,4,0,3.047,3.032,3.084,3.656,4.605
Ca,CdTe,M_Te,5.151,6.100,7.049,-0.066,0.772,1.172,1.443,1.823,2.252,,,4,2,1,0.03,-87.522,0.38,-279.4,0.37,-346.15,-1.1,-32,-4,4,0,3.372,3.357,4.612,5.560,6.510
Sr,CdTe,M_Te,5.331,6.279,7.229,0.249,0.962,1.298,1.675,1.960,2.370,,,5,2,1,0.29,-39.98,0.55,-319.7,0.55,-358.15,-1.15,-14,-4,4,0,3.638,3.623,5.036,5.984,6.933
Ba,CdTe,M_Te,5.676,6.625,7.574,0.673,1.057,1.420,1.721,2.060,2.445,,,6,2,1,0.45,9.73,0.62,-366.3,0.62,-242.15,-1.21,4,-4,4,0,4.156,4.141,5.496,6.444,7.393
B,CdTe,M_Te,4.479,4.953,5.428,-0.905,-0.584,-0.263,0.233,0.635,1.031,,,2,13,1,-0.74,-116.789,-0.54,-68.6,-0.62,-163.15,-0.06,-47,-3,4,0,1.518,1.503,4.687,5.162,5.636
Al,CdTe,M_Te,2.599,3.485,4.693,-0.100,-0.053,0.215,0.778,1.160,1.537,,,3,13,1,-0.43,-100.61846,-0.18,-291.6,-0.17,-145.15,-0.49,-39,-3,4,0,2.394,2.379,2.203,3.089,4.297
Ga,CdTe,M_Te,2.157,3.017,4.064,0.134,0.043,0.262,0.798,1.168,1.543,,,4,13,1,-0.35,-57.877,-0.1,-290.4,-0.19,-161.15,-0.29,-21,-3,4,0,2.425,2.410,1.744,2.604,3.651
In,CdTe,M_Te,2.792,2.886,4.031,0.202,0.267,0.470,0.964,1.365,1.738,,,5,13,1,-0.17,-12.78,0.08,-310.9,0.06,-161.15,-0.32,-3,-3,4,0,2.715,2.700,2.322,2.416,3.561
Tl,CdTe,M_Te,2.359,3.037,3.782,0.427,0.452,0.631,1.068,1.481,1.825,,,6,13,1,0.62,76.783,0.12,-279.9,0.11,-160.15,-0.06,29,-3,4,0,2.891,2.876,1.869,2.547,3.292
C,CdTe,M_Te,5.059,5.533,6.008,-0.934,-0.644,-0.313,-0.033,0.297,1.890,,,2,14,1,-0.81,-115.589,-0.59,217.2,-0.69,-67.85,0.45,-46,-2,4,0,1.173,1.158,5.564,6.039,6.513
Si,CdTe,M_Te,2.435,2.910,3.384,-0.796,-0.482,-0.122,0.257,0.627,2.045,,,3,14,1,-0.71,-99.5145,-0.25,-82.8,-0.28,-56.55,-0.2,-38,-2,4,0,1.769,1.754,2.272,2.747,3.221
Ge,CdTe,M_Te,1.994,2.468,3.256,-0.687,-0.437,-0.019,0.367,0.724,2.049,,,4,14,1,-0.44,-54.99,-0.14,-107.1,-0.23,-70.15,-0.09,-20,-2,4,0,1.932,1.917,1.749,2.223,3.012
Sn,CdTe,M_Te,1.769,2.517,3.466,-0.536,-0.298,0.191,0.577,0.938,2.098,,,5,14,1,-0.26,-8.89,0.05,-160.6,0.02,-69.15,-0.14,-2,-2,4,0,2.271,2.256,1.440,2.189,3.138
Pb,CdTe,M_Te,2.004,2.952,3.902,-0.395,-0.165,0.377,0.734,1.070,2.128,,,6,14,1,0.22,79.6,0.11,-153.7,0.15,-80.15,0.23,30,-2,4,0,2.492,2.477,1.656,2.604,3.553
N,CdTe,M_Te,2.086,2.481,2.877,-0.970,-0.669,-0.399,-0.077,1.444,1.902,,,2,15,1,0.74,-113.5933,-0.61,533.1,-0.68,-197.15,0.94,-45,-1,4,0,1.209,1.194,2.836,3.231,3.627
P,CdTe,M_Te,0.956,1.193,1.612,-0.903,-0.582,-0.293,0.043,1.738,2.197,,,3,15,1,-0.8,-96.62624,-0.3,142.5,-0.32,-118.45,0.09,-37,-1,4,0,1.304,1.289,1.154,1.391,1.810
As,CdTe,M_Te,1.076,1.027,1.524,-0.873,-0.537,-0.260,0.067,1.741,2.202,,,4,15,1,-0.39,-52.6784,-0.16,77.8,-0.21,-113.15,0.06,-19,-1,4,0,1.453,1.438,1.127,1.078,1.575
Sb,CdTe,M_Te,2.123,3.308,4.495,-0.778,-0.451,-0.155,0.181,1.805,2.262,,,5,15,1,-0.21,-5.843,0.04,-35.5,-0.01,-89.15,-0.05,-1,-1,4,0,1.839,1.824,2.014,3.200,4.387
Bi,CdTe,M_Te,1.038,1.512,2.583,-0.705,-0.377,-0.051,0.283,1.809,2.269,,,6,15,1,0.06,81.3804,0.1,-165.9,0.1,-80.15,-0.08,31,-1,4,0,2.081,2.066,0.865,1.339,2.410
O,CdTe,M_Te,1.172,1.173,1.426,-0.914,-0.647,-0.329,0.949,1.371,2.106,,,2,16,1,0.43,-111.6006,-0.63,444.7,-0.87,-49.05,1.34,-44,-4,4,0,1.244,1.499,1.919,1.919,2.172
S,CdTe,M_Te,0.376,0.376,0.377,-0.859,-0.598,-0.274,1.387,1.858,2.272,,,3,16,1,-0.68,-95.534,-0.34,130.38,-0.33,10.27,0.48,-36,0,4,0,1.437,2.322,0.539,0.540,0.540
Se,CdTe,M_Te,0.226,0.226,0.226,-0.818,-0.548,-0.232,1.456,1.917,2.330,,,4,16,1,-0.47,-48.64,-0.2,71.7,-0.2,4.81,0.45,-18,0,4,0,1.538,2.498,0.286,0.287,0.287
Te,CdTe,M_Te,0.000,0.000,0.000,-0.791,-0.517,-0.197,1.528,1.992,2.370,,,5,16,1,0,0,0,0,0,0,0,0,0,4,0,1.821,2.992,0.000,0.000,0.000
F,CdTe,M_Te,1.758,1.995,2.233,-0.848,-0.549,0.796,1.056,1.790,2.094,,,2,17,1,0.36,-108.6016,-0.64,811.8,-0.88,137.85,1.88,-43,-5,4,0,2.602,2.587,1.743,1.981,2.218
Cl,CdTe,M_Te,1.066,1.303,1.540,-0.787,-0.488,1.165,1.615,2.037,2.457,,,3,17,1,0.84,-92.1473,-0.37,381.9,-0.61,158.65,1.06,-35,1,4,0,3.356,3.341,1.092,1.329,1.567
Br,CdTe,M_Te,0.935,1.172,1.410,-0.766,-0.471,1.217,1.667,2.080,2.500,,,4,17,1,0.99,-47.696,-0.22,270.7,-0.46,134.45,0.86,-17,1,4,0,3.532,3.517,1.034,1.271,1.508
I,CdTe,M_Te,0.841,1.078,1.315,-0.755,-0.450,1.259,1.729,2.123,2.601,,,5,17,1,1.23,-0.6955,-0.03,139.2,-0.27,105.15,0.56,1,1,4,0,3.842,3.827,1.167,1.404,1.642
Sc,CdTe,M_Te,5.248,6.434,7.620,-0.412,-0.025,0.504,1.195,1.635,1.926,,,4,3,1,-0.22,-82.6441,0.08,-238.2,0.006,-172.05,-0.74,-31,-3,4,0,2.810,2.795,5.022,6.207,7.394
Ti,CdTe,M_Te,5.030,6.230,7.655,-0.605,-0.192,0.762,1.167,1.373,2.131,,,4,4,1,-0.36,-79.72,-0.04,-211.2,-0.152,-170.15,-0.56,-30,-2,4,0,2.708,2.693,4.658,5.858,7.282
V,CdTe,M_Te,4.232,5.184,6.523,-0.651,-0.162,0.279,1.252,1.708,2.008,,,4,5,1,-0.43,-76.6585,-0.14,-219.2,-0.279,-140.15,-0.47,-29,-1,4,0,2.561,2.546,4.121,5.073,6.412
Cr,CdTe,M_Te,3.412,4.525,5.765,-0.685,-0.120,0.886,1.284,1.564,2.025,,,4,6,1,-0.35,-75.604,-0.18,-216.4,-0.351,-126.15,-0.44,-28,0,4,0,2.719,2.704,2.995,4.109,5.349
Mn,CdTe,M_Te,3.194,4.142,5.280,-0.690,0.081,0.587,0.957,1.551,2.086,,,4,7,1,-0.3,-72.662,-0.19,-151.8,-0.36,-190.15,-0.55,-27,1,4,0,2.672,2.657,2.813,3.761,4.899
Fe,CdTe,M_Te,3.136,4.084,5.465,-0.750,-0.438,0.111,1.172,1.632,2.872,,,4,8,1,-0.42,-71.753,-0.19,-109.9,-0.359,-166.15,-0.27,-26,0,4,0,2.239,2.224,3.136,4.084,5.465
Co,CdTe,M_Te,3.081,4.035,5.460,-0.874,-0.517,0.383,0.920,1.562,2.060,,,4,9,1,-0.32,-68.6668,-0.2,-111.2,-0.347,-120.15,-0.22,-25,-3,4,0,2.391,2.376,3.060,4.015,5.440
Ni,CdTe,M_Te,3.228,3.445,4.610,-0.838,-0.573,-0.227,1.206,1.574,2.060,,,4,10,1,-0.28,-68.9066,-0.21,-132.5,-0.354,-79.15,-0.19,-24,-3,4,0,1.772,2.252,3.299,3.516,4.682
Cu,CdTe,M_Te,3.371,3.284,4.039,-0.824,-0.528,0.846,1.160,1.580,1.939,,,4,11,1,-0.24,-64.144,-0.19,-123.8,-0.322,-71.85,-0.2,-23,-4,4,0,2.391,2.376,3.008,2.921,3.676
Zn,CdTe,M_Te,2.565,3.513,4.463,-0.683,0.711,0.771,1.022,1.394,1.881,,,4,12,1,-0.23,-62.21,-0.11,37.2,-0.268,-190.15,-0.45,-22,-4,4,0,2.857,2.842,1.859,2.807,3.757
Y,CdTe,M_Te,5.302,6.523,8.189,-0.182,0.282,0.708,1.306,1.766,2.064,,,5,3,1,0.05,-38.6941,0.26,-253.2,0.21,-190.15,-0.88,-13,-3,4,0,3.134,3.119,5.041,6.263,7.928
Zr,CdTe,M_Te,5.953,7.111,8.923,-0.571,-0.168,0.719,1.054,1.387,2.151,,,5,4,1,-0.13,-36.376,0.09,-209.2,0,-140.15,-0.77,-12,-2,4,0,2.717,2.702,5.606,6.764,8.576
Nb,CdTe,M_Te,5.778,6.581,8.266,-0.636,-0.248,0.351,1.223,1.663,1.973,,,5,5,1,-0.33,-34.6936,-0.02,-205.2,-0.171,-94.15,-0.5,-11,-1,4,0,2.705,2.705,5.636,6.440,8.124
Mo,CdTe,M_Te,6.016,6.490,7.717,-0.668,-0.009,0.680,1.065,1.400,2.089,,,5,6,1,-0.38,-31.66,-0.06,-184.3,-0.238,-94.15,0.06,-10,0,4,0,2.664,2.649,5.680,6.155,7.381
Tc,CdTe,M_Te,5.587,6.061,6.536,-0.565,-0.360,0.144,0.622,1.727,2.185,,,5,7,1,-0.41,-29.6,-0.09,-167.2,-0.242,-120.15,-0.2,-9,1,4,0,2.248,2.233,5.399,5.874,6.348
Ru,CdTe,M_Te,4.654,5.187,6.612,-0.825,-0.518,-0.237,0.949,1.410,2.066,,,5,8,1,-0.35,-26.53,-0.11,-158.2,-0.275,-80.15,0.1,-8,2,4,0,1.793,2.243,4.630,5.164,6.588
Rh,CdTe,M_Te,4.114,5.056,6.481,-0.833,-0.570,-0.260,0.249,1.704,2.101,,,5,9,1,-0.3,-24.6945,-0.11,-149.2,-0.255,-70.15,0.18,-7,0,4,0,1.673,1.658,4.069,5.012,6.436
Pd,CdTe,M_Te,2.388,2.388,3.327,-0.876,-0.593,-0.281,1.332,1.698,2.195,,,5,10,1,-0.33,-21.18,-0.08,-64.2,-0.225,-130.15,0.1,-6,-2,4,0,1.598,2.424,2.434,2.435,3.374
Ag,CdTe,M_Te,2.484,2.584,3.182,-0.805,-0.510,0.988,1.325,1.763,2.119,,,5,11,1,0.18,-19.732,-0.02,-138.2,-0.156,-64.45,-0.17,-5,-4,4,0,2.634,2.619,2.110,2.210,2.808
Cd,CdTe,M_Te,2.139,3.088,4.036,-0.679,0.745,0.938,1.217,1.554,2.041,,,5,12,1,-0.02,-15.19,0.05,-1.5,-0.111,-190.15,-0.41,-4,-4,4,0,3.065,3.050,1.449,2.397,3.346
La,CdTe,M_Te,6.258,7.443,8.913,-0.065,0.438,0.950,1.474,1.907,2.176,,,6,3,1,0.19,11.3055,-0.11,-331.1,0.277,-140.15,-1,5,-3,4,0,3.352,3.337,6.138,7.323,8.793
Hf,CdTe,M_Te,5.159,5.633,6.107,-0.603,-0.235,0.657,1.021,1.363,2.150,,,6,4,1,-0.14,50.89,0.08,-227.2,-0.036,-190.15,-0.8,20,-2,4,0,2.670,2.655,4.798,5.273,5.747
Ta,CdTe,M_Te,6.637,7.111,7.585,-0.716,-0.327,0.404,1.158,1.383,2.072,,,6,5,1,-0.33,53.3479,-0.02,-108.2,-0.17,-130.15,-0.6,21,-1,4,0,2.507,2.492,6.406,6.881,7.355
W,CdTe,M_Te,7.942,8.417,8.891,-0.785,0.414,0.414,0.824,0.824,2.071,,,6,6,1,-0.37,56.25,-0.06,-99.2,-0.23,-130.15,0.26,22,0,4,0,2.111,2.096,7.727,8.201,8.676
Re,CdTe,M_Te,6.749,7.224,7.698,0.675,-0.492,-1.051,0.609,1.718,2.179,,,6,7,1,-0.44,58.607,-0.08,-109.2,-0.23,-176.15,-0.2,23,1,4,0,2.255,2.240,6.562,7.036,7.510
Os,CdTe,M_Te,5.718,6.192,6.666,-0.676,-0.676,-0.235,0.970,1.437,2.067,,,6,8,1,-0.34,62.6,-0.1,-29.2,-0.26,-80.15,0.1,24,2,4,0,1.728,2.223,5.722,6.196,6.670
Ir,CdTe,M_Te,3.951,4.425,5.231,-0.801,-0.553,-0.255,0.280,1.692,2.106,,,6,9,1,-0.34,64.62,-0.09,10.8,-0.243,-40.15,0.1,25,-3,4,0,1.653,1.638,3.935,4.409,5.215
Pt,CdTe,M_Te,2.182,2.182,3.492,-0.835,-0.577,-0.271,1.330,1.715,2.218,,,6,10,1,-0.34,67.48,-0.06,0.8,-0.22,15.15,0.18,26,-2,4,0,1.300,2.410,2.258,2.258,3.568
Au,CdTe,M_Te,2.562,2.009,2.653,-0.802,-0.505,0.979,1.322,1.754,2.129,,,6,11,1,-0.12,69.3665,-0.02,20.9,-0.158,32.59,0.44,27,-3,4,0,2.627,2.612,2.240,1.687,2.331
Hg,CdTe,M_Te,2.367,2.525,3.293,-0.668,0.825,0.984,1.323,1.595,2.084,,,6,12,1,0.05,72.99,0.13,137.8,0,-190.15,-0.1,28,-4,4,0,3.141,3.126,1.716,1.874,2.642
Li,CdTe,M_i_Cd_site,1.338,1.344,1.582,-0.750,-0.435,1.262,1.728,2.103,2.569,,,2,1,0.25,0.76,6.941,1.23,520.2,1.55,59.8,0.98,3,1,4,3,3.729,3.714,1.615,1.621,1.859
Na,CdTe,M_i_Cd_site,0.958,1.195,1.578,-0.716,-0.403,1.295,1.762,2.143,2.610,,,3,1,0.25,1.02,22.98977,1.54,495.8,1.9,52.7,0.93,11,1,4,3,3.973,3.958,1.346,1.583,1.966
K,CdTe,M_i_Cd_site,1.557,1.794,2.290,-0.665,-0.352,1.352,1.812,2.180,2.617,,,4,1,0.25,1.51,39.0983,2.03,418.8,2.35,48.36,0.82,19,1,4,3,4.190,4.175,2.140,2.377,2.873
Rb,CdTe,M_i_Cd_site,2.070,2.307,2.936,-0.632,-0.324,1.382,1.829,2.211,2.634,,,5,1,0.25,1.61,85.4678,2.16,403,2.48,46.89,0.82,37,4,4,3,4.450,4.435,2.824,3.061,3.690
Cs,CdTe,M_i_Cd_site,2.899,3.136,3.830,-0.587,-0.274,1.417,1.839,2.257,2.649,,,6,1,0.25,1.74,132.9054,2.35,375.7,2.67,45.49,0.79,55,1,4,3,4.000,4.000,4.035,4.272,4.966
Be,CdTe,M_i_Cd_site,3.310,3.665,4.020,-0.689,0.183,0.754,1.629,1.983,2.344,,,2,2,0.25,0.45,9.01218,0.9,899.4,1.12,-240,1.57,4,2,4,3,3.234,3.219,3.006,3.361,3.716
Mg,CdTe,M_i_Cd_site,2.901,2.998,3.473,-0.670,0.899,1.349,1.820,2.177,2.477,,,3,2,0.25,0.72,24.305,1.36,737.7,1.6,-230,1.31,12,2,4,3,3.642,3.657,2.711,2.808,3.283
Ca,CdTe,M_i_Cd_site,2.547,3.021,3.496,-0.616,1.063,1.500,1.900,2.213,2.505,,,4,2,0.25,1,40.078,1.74,589.8,1.97,-156,1,20,2,4,3,4.121,4.226,3.197,3.671,4.146
Sr,CdTe,M_i_Cd_site,2.780,3.254,3.729,-0.589,1.073,1.514,1.932,2.248,2.530,,,5,2,0.25,1.26,87.62,1.91,549.5,2.15,-168,0.95,38,2,4,3,4.240,4.375,3.554,4.028,4.503
Ba,CdTe,M_i_Cd_site,3.274,3.748,4.223,-0.543,1.091,1.531,1.944,2.295,2.606,,,6,2,0.25,1.42,137.33,1.98,502.9,2.22,-52,0.89,56,2,4,3,4.383,4.383,4.187,4.661,5.136
B,CdTe,M_i_Cd_site,5.207,5.207,5.207,-0.772,-0.464,1.052,1.374,1.633,2.105,,,2,13,0.25,0.23,10.811,0.82,800.6,0.98,27,2.04,5,3,4,3,3.049,3.034,4.738,4.738,4.738
Al,CdTe,M_i_Cd_site,2.371,2.783,3.517,-0.539,-0.185,1.348,1.742,2.106,2.475,,,3,13,0.25,0.54,26.98154,1.18,577.6,1.43,45,1.61,13,3,4,3,3.742,3.727,2.166,2.578,3.312
Ga,CdTe,M_i_Cd_site,1.617,2.002,2.575,-0.724,-0.402,1.336,1.733,2.090,2.488,,,4,13,0.25,0.62,69.723,1.26,578.8,1.41,29,1.81,31,3,4,3,3.673,3.658,1.506,1.892,2.464
In,CdTe,M_i_Cd_site,2.553,2.173,2.844,-0.637,-0.257,1.381,1.783,2.133,2.539,,,5,13,0.25,0.8,114.82,1.44,558.3,1.66,29,1.78,49,3,4,3,3.941,3.926,2.555,2.174,2.845
Tl,CdTe,M_i_Cd_site,1.804,2.007,2.278,-0.660,-0.344,1.386,1.802,2.141,2.576,,,6,13,0.25,1.59,204.383,1.48,589.3,1.71,30,2.04,81,3,4,3,3.983,3.968,1.987,2.191,2.461
C,CdTe,M_i_Cd_site,6.861,6.861,6.861,-0.694,-0.315,0.073,0.477,1.591,1.899,,,2,14,0.25,0.16,12.011,0.77,1086.4,0.91,122.3,2.55,6,4,4,3,2.745,2.730,6.559,6.559,6.559
Si,CdTe,M_i_Cd_site,3.784,3.784,3.784,-0.664,0.888,1.173,1.422,1.824,2.205,,,3,14,0.25,0.26,28.0855,1.11,786.4,1.32,133.6,1.9,14,4,4,3,3.267,3.252,2.792,2.792,2.792
Ge,CdTe,M_i_Cd_site,3.071,3.071,3.384,-0.686,0.907,1.315,1.525,1.879,2.270,,,4,14,0.25,0.53,72.61,1.22,762.1,1.37,120,2.01,32,4,4,3,3.398,3.383,2.128,2.128,2.442
Sn,CdTe,M_i_Cd_site,2.808,3.082,3.557,-0.606,1.001,1.412,1.769,2.109,2.379,,,5,14,0.25,0.71,118.71,1.41,708.6,1.62,121,1.96,50,4,4,3,3.882,3.867,2.285,2.559,3.034
Pb,CdTe,M_i_Cd_site,2.638,3.112,3.587,-0.578,1.049,1.462,1.827,2.156,2.443,,,6,14,0.25,1.19,207.2,1.47,715.5,1.75,110,2.33,82,4,4,3,3.990,3.975,2.370,2.844,3.319
N,CdTe,M_i_Cd_site,4.408,4.329,4.250,-0.771,-0.498,-0.179,0.731,0.968,1.333,,,2,15,0.25,1.71,14.0067,0.75,1402.3,0.92,-7,3.04,7,5,4,3,2.002,1.987,4.815,4.736,4.657
P,CdTe,M_i_Cd_site,3.747,3.510,3.454,0.022,0.044,0.312,1.086,1.396,1.769,,,3,15,0.25,0.17,30.97376,1.06,1011.7,1.28,71.7,2.19,15,5,4,3,3.212,3.197,2.942,2.705,2.650
As,CdTe,M_i_Cd_site,3.683,3.160,3.183,0.159,0.299,0.540,1.214,1.545,1.898,,,4,15,0.25,0.58,74.9216,1.2,947,1.39,77,2.16,33,5,4,3,3.524,3.508,2.750,2.227,2.250
Sb,CdTe,M_i_Cd_site,4.910,5.621,6.333,0.449,0.681,0.929,1.389,1.775,2.091,,,5,15,0.25,0.76,121.757,1.4,833.7,1.59,101,2.05,51,5,4,3,3.854,3.839,3.996,4.707,5.420
Bi,CdTe,M_i_Cd_site,3.531,3.531,4.128,0.542,0.839,1.093,1.480,1.885,2.226,,,6,15,0.25,1.03,208.9804,1.46,703.3,1.7,110,2.02,83,5,4,3,4.147,4.132,2.666,2.666,3.263
O,CdTe,M_i_Cd_site,3.664,3.190,2.969,-0.800,-0.525,-0.256,0.037,0.309,2.041,,,2,16,0.25,1.4,15.9994,0.73,1313.9,0.73,141.1,3.44,8,2,4,3,1.735,1.735,3.980,3.506,3.284
S,CdTe,M_i_Cd_site,3.986,3.512,3.038,-0.719,-0.406,0.041,0.431,0.785,2.102,,,3,16,0.25,0.29,32.066,1.02,999.58,1.27,200.42,2.58,16,6,4,3,2.315,2.540,3.290,2.816,2.342
Se,CdTe,M_i_Cd_site,3.950,3.476,3.002,-0.539,-0.297,0.261,0.647,1.009,2.136,,,4,16,0.25,0.5,78.96,1.16,940.9,1.4,194.96,2.55,34,6,4,3,2.681,2.801,3.127,2.653,2.179
Te,CdTe,M_i_Cd_site,4.159,3.684,3.210,-0.135,0.045,0.606,0.951,1.334,2.222,,,5,16,0.25,0.97,127.6,1.36,869.2,1.6,190.15,2.1,52,6,4,3,3.864,3.849,3.427,2.953,2.478
F,CdTe,M_i_Cd_site,1.718,1.481,1.244,-0.850,-0.563,-0.289,0.029,1.771,2.231,,,2,17,0.25,1.33,18.9984,0.72,1681,0.72,328,3.98,9,1,4,3,1.562,1.547,2.213,1.976,1.739
Cl,CdTe,M_i_Cd_site,2.479,2.242,2.005,-0.773,-0.470,-0.194,0.120,1.856,2.319,,,3,17,0.25,1.81,35.4527,0.99,1251.1,0.99,348.8,3.16,17,7,4,3,2.050,2.035,2.616,2.379,2.142
Br,CdTe,M_i_Cd_site,2.999,2.762,2.525,-0.689,-0.386,-0.116,0.182,1.875,2.338,,,4,17,0.25,1.96,79.904,1.14,1139.9,1.14,324.6,2.96,35,7,4,3,2.603,2.587,3.017,2.780,2.543
I,CdTe,M_i_Cd_site,3.811,3.574,3.337,-0.590,-0.210,0.139,0.471,1.922,2.384,,,5,17,0.25,2.2,126.9045,1.33,1008.4,1.33,295.3,2.66,53,7,4,3,3.556,3.541,4.081,3.844,3.607
Sc,CdTe,M_i_Cd_site,3.479,4.190,4.902,0.409,0.994,1.449,1.787,2.126,2.494,,,4,3,0.25,0.75,44.9559,1.44,631,1.606,18.1,1.36,21,3,4,3,3.903,3.888,3.577,4.288,5.000
Ti,CdTe,M_i_Cd_site,3.008,3.734,4.684,-0.291,0.488,1.312,1.738,2.112,2.536,,,4,4,0.25,0.61,47.88,1.32,658,1.448,20,1.54,22,4,4,3,3.762,3.747,3.283,4.009,4.959
V,CdTe,M_i_Cd_site,2.966,3.444,4.309,-0.685,0.650,1.303,2.545,2.545,2.700,,,4,5,0.25,0.54,50.9415,1.22,650,1.321,50,1.63,23,5,4,3,3.691,3.676,2.844,3.322,4.187
Cr,CdTe,M_i_Cd_site,2.065,2.705,3.470,-0.636,-0.055,1.248,1.715,2.088,2.558,,,4,6,0.25,0.62,51.996,1.18,652.8,1.249,64,1.66,24,6,4,3,3.742,3.727,2.085,2.724,3.490
Mn,CdTe,M_i_Cd_site,2.490,2.964,3.627,-0.678,0.761,1.317,1.719,2.081,2.444,,,4,7,0.25,0.67,54.938,1.17,717.4,1.24,0,1.55,25,7,4,3,3.589,3.574,2.260,2.734,3.397
Fe,CdTe,M_i_Cd_site,2.807,3.281,4.187,-0.629,0.096,1.065,1.582,1.962,2.331,,,4,8,0.25,0.55,55.847,1.17,759.3,1.241,24,1.83,26,6,4,3,3.273,3.258,2.626,3.100,4.006
Co,CdTe,M_i_Cd_site,2.570,3.050,4.000,-0.713,-0.356,1.139,1.598,1.992,2.362,,,4,9,0.25,0.65,58.9332,1.16,758,1.253,70,1.88,27,3,4,3,3.381,3.366,2.327,2.807,3.757
Ni,CdTe,M_i_Cd_site,3.163,2.906,3.597,-0.657,-0.232,0.650,1.474,1.883,2.303,,,4,10,0.25,0.69,58.6934,1.15,736.7,1.246,111,1.91,28,3,4,3,3.036,3.021,2.872,2.615,3.306
Cu,CdTe,M_i_Cd_site,2.932,2.370,2.651,-0.765,-0.441,1.043,1.420,2.025,2.339,,,4,11,0.25,0.73,63.456,1.17,745.4,1.278,118.3,1.9,29,2,4,3,3.381,3.366,2.638,2.077,2.357
Zn,CdTe,M_i_Cd_site,1.674,2.148,2.623,-0.681,0.042,0.519,1.650,2.037,2.386,,,4,12,0.25,0.74,65.39,1.25,906.4,1.332,0,1.65,30,2,4,3,3.213,3.198,1.593,2.067,2.542
Y,CdTe,M_i_Cd_site,3.144,3.891,5.082,0.723,1.159,1.546,1.859,2.234,2.529,,,5,3,0.25,1.02,88.9059,1.62,616,1.81,0,1.22,39,3,4,3,4.111,4.096,3.279,4.027,5.217
Zr,CdTe,M_i_Cd_site,3.618,4.302,5.639,0.237,0.738,1.341,1.762,2.120,2.570,,,5,4,0.25,0.84,91.224,1.45,660,1.6,50,1.33,40,4,4,3,3.845,3.830,3.954,4.637,5.975
Nb,CdTe,M_i_Cd_site,4.188,4.517,5.727,-0.385,0.944,1.423,1.742,2.179,2.315,,,5,5,0.25,0.64,92.9064,1.34,664,1.429,96,1.6,41,5,4,3,3.801,3.786,4.139,4.468,5.678
Mo,CdTe,M_i_Cd_site,5.242,5.242,5.995,0.127,0.441,1.675,1.309,2.063,2.404,,,5,6,0.25,0.59,95.94,1.3,684.9,1.362,96,2.16,42,6,4,3,3.651,3.636,4.703,4.703,5.455
Tc,CdTe,M_i_Cd_site,4.754,4.754,4.754,-0.136,0.179,0.867,1.476,1.907,2.256,,,5,7,0.25,0.56,98,1.27,702,1.358,70,1.9,43,7,4,3,3.292,3.277,4.517,4.517,4.517
Ru,CdTe,M_i_Cd_site,3.808,3.867,4.817,-0.632,-0.179,0.428,1.510,1.965,2.331,,,5,8,0.25,0.62,101.07,1.25,711,1.325,110,2.2,44,8,4,3,2.957,2.942,3.836,3.895,4.845
Rh,CdTe,M_i_Cd_site,3.427,3.895,4.845,-0.528,-0.378,0.685,1.311,1.827,2.221,,,5,9,0.25,0.67,102.9055,1.25,720,1.345,120,2.28,45,6,4,3,2.730,2.715,3.030,3.499,4.449
Pd,CdTe,M_i_Cd_site,2.099,1.625,2.090,-0.718,-0.398,0.025,1.485,1.944,2.350,,,5,10,0.25,0.64,106.42,1.28,805,1.375,60,2.2,46,4,4,3,2.694,2.679,1.945,1.471,1.935
Ag,CdTe,M_i_Cd_site,2.042,1.668,1.791,-0.744,-0.424,1.184,1.604,2.089,2.481,,,5,11,0.25,1.15,107.868,1.34,731,1.444,125.7,1.93,47,2,4,3,3.674,3.659,1.872,1.497,1.621
Cd,CdTe,M_i_Cd_site,1.635,2.109,2.584,-0.650,0.404,0.840,1.715,2.078,2.420,,,5,12,0.25,0.95,112.41,1.41,867.7,1.489,0,1.69,48,2,4,3,3.597,3.582,1.566,2.040,2.514
La,CdTe,M_i_Cd_site,3.559,4.270,5.266,0.685,1.122,1.571,1.927,2.235,2.558,,,6,3,0.25,1.16,138.9055,1.25,538.1,1.877,50,1.1,57,3,4,3,4.156,4.141,3.743,4.454,5.449
Hf,CdTe,M_i_Cd_site,3.614,3.614,3.614,0.480,0.905,1.348,1.755,2.122,2.529,,,6,4,0.25,0.83,178.49,1.44,642,1.564,0,1.3,72,4,4,3,3.813,3.798,3.559,3.559,3.559
Ta,CdTe,M_i_Cd_site,5.343,5.343,5.343,-0.158,0.968,1.407,1.753,2.245,2.329,,,6,5,0.25,0.64,180.9479,1.34,761,1.43,60,1.5,73,5,4,3,3.654,3.639,5.215,5.215,5.215
W,CdTe,M_i_Cd_site,6.851,6.851,6.851,0.472,0.795,1.255,1.540,1.961,2.314,,,6,6,0.25,0.6,183.85,1.3,770,1.37,60,2.36,74,6,4,3,3.552,3.537,6.265,6.265,6.265
Re,CdTe,M_i_Cd_site,6.668,6.668,6.668,0.049,0.265,1.149,1.636,1.810,2.352,,,6,7,0.25,0.53,186.207,1.28,760,1.37,14,1.9,75,7,4,3,3.226,3.211,6.144,6.144,6.144
Os,CdTe,M_i_Cd_site,5.862,5.862,5.862,-0.553,0.568,0.693,1.410,1.882,2.327,,,6,8,0.25,0.63,190.2,1.26,840,1.34,110,2.2,76,8,4,3,2.797,2.857,5.475,5.475,5.475
Ir,CdTe,M_i_Cd_site,4.311,4.311,4.642,-0.182,-0.068,0.815,1.337,1.794,2.117,,,6,9,0.25,0.63,192.22,1.27,880,1.357,150,2.2,77,3,4,3,2.786,2.771,3.568,3.568,3.900
Pt,CdTe,M_i_Cd_site,3.077,2.603,3.439,-0.644,-0.290,0.162,1.312,1.742,2.311,,,6,10,0.25,0.63,195.08,1.3,870,1.38,205.3,2.28,78,4,4,3,2.810,2.795,2.629,2.155,2.991
Au,CdTe,M_i_Cd_site,2.904,1.877,2.047,-0.745,-0.420,0.736,1.124,1.988,2.329,,,6,11,0.25,0.85,196.9665,1.34,890.1,1.442,222.74,2.54,79,3,4,3,3.287,3.272,2.552,1.525,1.695
Hg,CdTe,M_i_Cd_site,1.782,1.466,1.759,-0.647,-0.150,0.286,1.660,2.060,2.415,,,6,12,0.25,1.02,200.59,1.49,1007,1.6,0,2,80,2,4,3,3.249,3.264,1.896,1.579,1.873
Li,CdTe,M_i_Te_site,1.145,1.151,1.389,-0.764,-0.440,1.272,1.732,2.114,2.586,,,2,1,0.75,0.76,6.941,1.23,520.2,1.55,59.8,0.98,3,1,3,4,3.797,3.782,1.443,1.450,1.687
Na,CdTe,M_i_Te_site,1.046,1.283,1.667,-0.743,-0.423,1.292,1.762,2.151,2.698,,,3,1,0.75,1.02,22.98977,1.54,495.8,1.9,52.7,0.93,11,1,3,4,3.812,3.797,1.399,1.636,2.020
K,CdTe,M_i_Te_site,1.960,2.197,2.693,-0.652,-0.401,1.378,1.811,2.272,2.731,,,4,1,0.75,1.51,39.0983,2.03,418.8,2.35,48.36,0.82,19,1,3,4,3.785,3.770,2.480,2.717,3.213
Rb,CdTe,M_i_Te_site,2.576,2.813,3.442,-0.609,-0.298,1.407,1.878,2.303,2.732,,,5,1,0.75,1.61,85.4678,2.16,403,2.48,46.89,0.82,37,4,3,4,4.475,4.460,3.252,3.489,4.118
Cs,CdTe,M_i_Te_site,3.469,3.706,4.400,-0.547,-0.245,1.450,1.921,2.354,2.787,,,6,1,0.75,1.74,132.9054,2.35,375.7,2.67,45.49,0.79,55,1,3,4,4.000,4.000,3.738,3.975,4.669
Be,CdTe,M_i_Te_site,2.975,3.330,3.685,-0.645,0.970,1.276,1.670,1.998,2.513,,,2,2,0.75,0.45,9.01218,0.9,899.4,1.12,-240,1.57,4,2,3,4,3.660,3.645,2.625,2.980,3.335
Mg,CdTe,M_i_Te_site,2.732,2.829,3.304,-0.662,1.004,1.474,1.820,2.204,2.608,,,3,2,0.75,0.72,24.305,1.36,737.7,1.6,-230,1.31,12,2,3,4,4.014,3.999,2.915,3.013,3.488
Ca,CdTe,M_i_Te_site,2.816,3.290,3.765,-0.590,1.064,1.544,1.914,2.447,2.704,,,4,2,0.75,1,40.078,1.74,589.8,1.97,-156,1,20,2,3,4,4.170,4.155,3.527,4.001,4.476
Sr,CdTe,M_i_Te_site,3.296,3.770,4.245,-0.588,1.122,1.578,1.983,2.471,2.738,,,5,2,0.75,1.26,87.62,1.91,549.5,2.15,-168,0.95,38,2,3,4,4.127,4.112,4.175,4.649,5.124
Ba,CdTe,M_i_Te_site,3.946,4.420,4.895,-0.513,1.155,1.619,2.025,2.506,2.773,,,6,2,0.75,1.42,137.33,1.98,502.9,2.22,-52,0.89,56,2,3,4,3.963,3.948,5.037,5.511,5.986
B,CdTe,M_i_Te_site,4.843,4.843,4.843,0.915,0.218,1.202,1.581,2.073,2.395,,,2,13,0.75,0.23,10.811,0.82,800.6,0.98,27,2.04,5,3,3,4,3.685,3.670,4.663,4.663,4.663
Al,CdTe,M_i_Te_site,2.443,2.855,3.588,0.559,0.450,1.313,1.758,2.209,2.723,,,3,13,0.75,0.54,26.98154,1.18,577.6,1.43,45,1.61,13,3,3,4,4.068,4.053,2.624,3.036,3.770
Ga,CdTe,M_i_Te_site,1.742,2.127,2.700,-0.017,-0.110,1.301,1.753,2.231,2.682,,,4,13,0.75,0.62,69.723,1.26,578.8,1.41,29,1.81,31,3,3,4,3.939,3.924,1.993,2.379,2.951
In,CdTe,M_i_Te_site,2.842,2.462,3.132,0.064,0.158,1.360,1.814,2.280,2.741,,,5,13,0.75,0.8,114.82,1.44,558.3,1.66,29,1.78,49,3,3,4,4.019,4.004,3.232,2.852,3.523
Tl,CdTe,M_i_Te_site,2.178,2.382,2.653,-0.568,-0.277,1.392,1.852,2.267,2.754,,,6,13,0.75,1.59,204.383,1.48,589.3,1.71,30,2.04,81,3,3,4,4.033,4.018,2.668,2.872,3.143
C,CdTe,M_i_Te_site,6.943,6.943,6.943,-0.721,0.567,1.058,1.360,1.860,2.291,,,2,14,0.75,0.16,12.011,0.77,1086.4,0.91,122.3,2.55,6,4,3,4,3.426,3.411,6.847,6.847,6.847
Si,CdTe,M_i_Te_site,3.806,3.806,3.806,-0.674,0.923,1.365,1.841,2.168,2.523,,,3,14,0.75,0.26,28.0855,1.11,786.4,1.32,133.6,1.9,14,4,3,4,4.030,4.120,3.434,3.434,3.434
Ge,CdTe,M_i_Te_site,3.123,3.123,3.437,-0.637,1.017,1.385,1.852,2.171,2.149,,,4,14,0.75,0.53,72.61,1.22,762.1,1.37,120,2.01,32,4,3,4,4.028,4.088,2.827,2.827,3.141
Sn,CdTe,M_i_Te_site,3.168,3.442,3.917,-0.590,1.054,1.492,1.916,2.083,2.385,,,5,14,0.75,0.71,118.71,1.41,708.6,1.62,121,1.96,50,4,3,4,3.940,3.925,3.211,3.485,3.960
Pb,CdTe,M_i_Te_site,3.062,3.536,4.011,-0.569,1.083,1.523,1.936,2.234,2.487,,,6,14,0.75,1.19,207.2,1.47,715.5,1.75,110,2.33,82,4,3,4,4.034,4.019,3.268,3.742,4.217
N,CdTe,M_i_Te_site,4.580,4.501,4.422,0.697,0.270,-0.159,1.410,1.961,2.329,,,2,15,0.75,1.71,14.0067,0.75,1402.3,0.92,-7,3.04,7,5,3,4,1.926,2.586,4.617,4.538,4.459
P,CdTe,M_i_Te_site,4.146,3.909,3.853,0.379,0.539,0.764,1.337,1.464,1.684,,,3,15,0.75,0.17,30.97376,1.06,1011.7,1.28,71.7,2.19,15,5,3,4,3.974,3.959,3.896,3.659,3.603
As,CdTe,M_i_Te_site,4.046,3.522,3.545,0.357,0.709,0.840,1.384,1.583,1.824,,,4,15,0.75,0.58,74.9216,1.2,947,1.39,77,2.16,33,5,3,4,4.192,4.177,3.833,3.310,3.332
Sb,CdTe,M_i_Te_site,5.258,5.969,6.681,0.443,0.827,1.017,1.453,1.723,2.082,,,5,15,0.75,0.76,121.757,1.4,833.7,1.59,101,2.05,51,5,3,4,4.048,4.032,5.235,5.946,6.658
Bi,CdTe,M_i_Te_site,3.961,3.961,4.558,0.532,0.902,1.227,1.469,1.849,2.232,,,6,15,0.75,1.03,208.9804,1.46,703.3,1.7,110,2.02,83,5,3,4,4.508,4.493,3.914,3.914,4.511
O,CdTe,M_i_Te_site,4.422,3.948,3.727,-0.756,-0.439,0.109,0.800,1.490,2.111,,,2,16,0.75,1.4,15.9994,0.73,1313.9,0.73,141.1,3.44,8,2,3,4,2.224,2.389,4.103,3.629,3.407
S,CdTe,M_i_Te_site,4.482,4.008,3.534,-0.439,-0.276,0.427,0.748,0.962,2.052,,,3,16,0.75,0.29,32.066,1.02,999.58,1.27,200.42,2.58,16,6,3,4,2.718,2.703,4.249,3.775,3.301
Se,CdTe,M_i_Te_site,4.391,3.917,3.443,-0.128,-0.116,0.533,0.833,1.103,2.098,,,4,16,0.75,0.5,78.96,1.16,940.9,1.4,194.96,2.55,34,6,3,4,2.944,2.929,4.288,3.814,3.340
Te,CdTe,M_i_Te_site,4.514,4.040,3.566,0.034,0.189,0.676,1.035,1.330,2.198,,,5,16,0.75,0.97,127.6,1.36,869.2,1.6,190.15,2.1,52,6,3,4,3.990,3.975,4.734,4.260,3.786
F,CdTe,M_i_Te_site,2.613,2.376,2.139,-0.837,-0.513,-0.220,0.093,1.798,2.259,,,2,17,0.75,1.33,18.9984,0.72,1681,0.72,328,3.98,9,1,3,4,1.674,1.659,2.627,2.390,2.153
Cl,CdTe,M_i_Te_site,3.132,2.895,2.658,-0.681,-0.364,-0.061,0.221,1.887,2.348,,,3,17,0.75,1.81,35.4527,0.99,1251.1,0.99,348.8,3.16,17,7,3,4,2.031,2.016,3.110,2.873,2.636
Br,CdTe,M_i_Te_site,3.513,3.276,3.039,-0.638,-0.337,0.046,0.366,1.901,2.380,,,4,17,0.75,1.96,79.904,1.14,1139.9,1.14,324.6,2.96,35,7,3,4,2.279,2.264,3.565,3.328,3.091
I,CdTe,M_i_Te_site,4.231,3.994,3.757,-0.534,-0.215,0.293,0.650,1.969,2.450,,,5,17,0.75,2.2,126.9045,1.33,1008.4,1.33,295.3,2.66,53,7,3,4,2.606,2.591,4.599,4.362,4.125
Sc,CdTe,M_i_Te_site,3.644,4.355,5.067,0.776,1.236,1.565,1.916,2.309,2.649,,,4,3,0.75,0.75,44.9559,1.44,631,1.606,18.1,1.36,21,3,3,4,4.127,4.112,3.754,4.465,5.177
Ti,CdTe,M_i_Te_site,3.539,4.265,5.215,0.357,1.146,1.353,1.734,2.167,2.483,,,4,4,0.75,0.61,47.88,1.32,658,1.448,20,1.54,22,4,3,4,3.855,3.840,3.495,4.221,5.171
V,CdTe,M_i_Te_site,2.941,3.419,4.284,0.250,0.676,1.094,1.692,2.021,2.388,,,4,5,0.75,0.54,50.9415,1.22,650,1.321,50,1.63,23,5,3,4,3.691,3.676,2.945,3.423,4.288
Cr,CdTe,M_i_Te_site,1.830,2.470,3.235,-0.477,-0.073,1.271,1.735,2.106,2.626,,,4,6,0.75,0.62,51.996,1.18,652.8,1.249,64,1.66,24,6,3,4,3.740,3.725,1.993,2.632,3.398
Mn,CdTe,M_i_Te_site,2.142,2.616,3.279,-0.695,0.941,1.428,1.799,2.176,2.600,,,4,7,0.75,0.67,54.938,1.17,717.4,1.24,0,1.55,25,7,3,4,4.004,3.989,2.106,2.580,3.244
Fe,CdTe,M_i_Te_site,2.699,3.173,4.080,-0.251,0.394,1.423,1.563,2.152,2.375,,,4,8,0.75,0.55,55.847,1.17,759.3,1.241,24,1.83,26,6,3,4,3.701,3.686,2.602,3.076,3.983
Co,CdTe,M_i_Te_site,2.477,2.957,3.907,-0.709,0.385,1.147,1.671,1.981,2.322,,,4,9,0.75,0.65,58.9332,1.16,758,1.253,70,1.88,27,3,3,4,3.584,3.569,2.328,2.809,3.759
Ni,CdTe,M_i_Te_site,2.745,2.488,3.179,-0.627,-0.115,0.660,1.565,1.973,2.301,,,4,10,0.75,0.69,58.6934,1.15,736.7,1.246,111,1.91,28,3,3,4,3.185,3.200,2.688,2.431,3.122
Cu,CdTe,M_i_Te_site,2.598,2.037,2.317,-0.761,-0.424,1.222,1.675,2.035,2.401,,,4,11,0.75,0.73,63.456,1.17,745.4,1.278,118.3,1.9,29,2,3,4,3.584,3.569,2.534,1.973,2.254
Zn,CdTe,M_i_Te_site,1.887,2.361,2.836,-0.660,0.659,0.980,1.613,2.024,2.464,,,4,12,0.75,0.74,65.39,1.25,906.4,1.332,0,1.65,30,2,3,4,3.616,3.601,1.911,2.385,2.860
Y,CdTe,M_i_Te_site,3.497,4.244,5.435,0.879,1.257,1.657,2.091,2.415,2.700,,,5,3,0.75,1.02,88.9059,1.62,616,1.81,0,1.22,39,3,3,4,4.133,4.118,3.919,4.666,5.857
Zr,CdTe,M_i_Te_site,4.454,5.137,6.475,0.733,1.093,1.482,1.835,2.170,2.421,,,5,4,0.75,0.84,91.224,1.45,660,1.6,50,1.33,40,4,3,4,3.967,3.952,4.431,5.114,6.452
Nb,CdTe,M_i_Te_site,4.417,4.746,5.956,0.569,0.838,1.188,1.633,2.008,2.390,,,5,5,0.75,0.64,92.9064,1.34,664,1.429,96,1.6,41,5,3,4,3.679,3.664,4.433,4.762,5.972
Mo,CdTe,M_i_Te_site,4.601,4.601,5.353,0.110,0.222,1.275,1.734,2.131,2.623,,,5,6,0.75,0.59,95.94,1.3,684.9,1.362,96,2.16,42,6,3,4,3.759,3.744,4.736,4.736,5.488
Tc,CdTe,M_i_Te_site,4.780,4.780,4.780,-0.454,0.731,1.275,1.577,1.926,2.317,,,5,7,0.75,0.56,98,1.27,702,1.358,70,1.9,43,7,3,4,3.718,3.703,4.577,4.577,4.577
Ru,CdTe,M_i_Te_site,4.146,4.206,5.156,-0.332,0.109,1.023,1.545,2.005,2.153,,,5,8,0.75,0.62,101.07,1.25,711,1.325,110,2.2,44,8,3,4,3.275,3.260,3.904,3.963,4.913
Rh,CdTe,M_i_Te_site,3.458,3.927,4.877,-0.520,0.052,0.558,1.117,1.833,2.138,,,5,9,0.75,0.67,102.9055,1.25,720,1.345,120,2.28,45,6,3,4,3.022,3.007,3.257,3.725,4.675
Pd,CdTe,M_i_Te_site,1.942,1.468,1.933,-0.711,-0.345,0.031,1.527,1.981,2.348,,,5,10,0.75,0.64,106.42,1.28,805,1.375,60,2.2,46,4,3,4,2.583,3.033,1.943,1.469,1.934
Ag,CdTe,M_i_Te_site,1.940,1.566,1.690,-0.725,-0.396,1.272,1.723,2.090,2.522,,,5,11,0.75,1.15,107.868,1.34,731,1.444,125.7,1.93,47,2,3,4,3.654,3.639,2.010,1.636,1.760
Cd,CdTe,M_i_Te_site,1.871,2.346,2.820,-0.622,0.784,1.122,1.710,2.091,2.517,,,5,12,0.75,0.95,112.41,1.41,867.7,1.489,0,1.69,48,2,3,4,3.746,3.731,2.062,2.537,3.011
La,CdTe,M_i_Te_site,4.205,4.916,5.912,0.766,1.170,1.655,2.091,2.379,2.684,,,6,3,0.75,1.16,138.9055,1.25,538.1,1.877,50,1.1,57,3,3,4,3.926,3.911,4.824,5.535,6.531
Hf,CdTe,M_i_Te_site,4.315,4.315,4.315,1.107,1.246,1.510,1.839,2.189,2.479,,,6,4,0.75,0.83,178.49,1.44,642,1.564,0,1.3,72,4,3,4,4.170,4.155,4.028,4.028,4.028
Ta,CdTe,M_i_Te_site,5.774,5.774,5.774,0.737,1.026,1.300,1.645,1.968,2.331,,,6,5,0.75,0.64,180.9479,1.34,761,1.43,60,1.5,73,5,3,4,3.972,3.957,5.561,5.561,5.561
W,CdTe,M_i_Te_site,6.415,6.415,6.415,0.344,0.494,1.252,1.684,2.066,2.416,,,6,6,0.75,0.6,183.85,1.3,770,1.37,60,2.36,74,6,3,4,3.798,3.783,6.434,6.434,6.434
Re,CdTe,M_i_Te_site,6.642,6.642,6.642,-0.204,0.883,1.326,1.683,1.752,2.229,,,6,7,0.75,0.53,186.207,1.28,760,1.37,14,1.9,75,7,3,4,3.856,3.841,6.312,6.312,6.312
Os,CdTe,M_i_Te_site,6.070,6.070,6.070,-0.087,0.332,1.083,1.575,1.894,2.079,,,6,8,0.75,0.63,190.2,1.26,840,1.34,110,2.2,76,8,3,4,3.477,3.462,5.698,5.698,5.698
Ir,CdTe,M_i_Te_site,4.222,4.222,4.553,-0.184,0.221,0.713,1.140,1.691,2.076,,,6,9,0.75,0.63,192.22,1.27,880,1.357,150,2.2,77,3,3,4,3.186,3.171,3.929,3.929,4.261
Pt,CdTe,M_i_Te_site,2.808,2.334,3.169,-0.617,-0.217,0.138,1.462,1.752,2.164,,,6,10,0.75,0.63,195.08,1.3,870,1.38,205.3,2.28,78,4,3,4,2.751,2.931,2.760,2.286,3.122
Au,CdTe,M_i_Te_site,2.916,1.889,2.058,-0.710,-0.380,1.052,1.330,1.911,2.293,,,6,11,0.75,0.85,196.9665,1.34,890.1,1.442,222.74,2.54,79,3,3,4,3.336,3.321,2.810,1.783,1.953
Hg,CdTe,M_i_Te_site,2.108,1.791,2.084,-0.617,0.299,0.603,1.678,2.122,2.514,,,6,12,0.75,1.02,200.59,1.49,1007,1.6,0,2,80,2,3,4,3.244,3.229,2.351,2.034,2.328
Li,CdTe,M_i_old,1.400,1.406,1.644,-0.700,-0.410,1.281,1.767,2.153,2.653,,,2,1,0.5,0.76,6.941,1.23,520.2,1.55,59.8,0.98,3,1,3,3,3.810,3.795,1.686,1.692,1.930
Na,CdTe,M_i_old,1.501,1.738,2.122,-0.697,-0.380,1.338,1.785,2.179,2.671,,,3,1,0.5,1.02,22.98977,1.54,495.8,1.9,52.7,0.93,11,1,3,3,3.948,3.933,1.885,2.122,2.505
K,CdTe,M_i_old,2.533,2.770,3.267,-0.632,-0.316,1.380,1.838,2.218,2.672,,,4,1,0.5,1.51,39.0983,2.03,418.8,2.35,48.36,0.82,19,1,3,3,4.108,4.093,3.255,3.492,3.988
Rb,CdTe,M_i_old,3.106,3.343,3.972,-0.566,-0.264,1.416,1.867,2.254,2.691,,,5,1,0.5,1.61,85.4678,2.16,403,2.48,46.89,0.82,37,4,3,3,4.461,4.446,4.085,4.322,4.951
Cs,CdTe,M_i_old,2.916,3.153,3.847,-0.566,-0.250,1.444,1.864,2.301,2.726,,,6,1,0.5,1.74,132.9054,2.35,375.7,2.67,45.49,0.79,55,1,3,3,4.290,4.275,4.231,4.468,5.163
Be,CdTe,M_i_old,3.394,3.749,4.104,-0.661,1.043,1.726,1.746,2.059,2.443,,,2,2,0.5,0.45,9.01218,0.9,899.4,1.12,-240,1.57,4,2,3,3,3.575,3.560,3.337,3.692,4.047
Mg,CdTe,M_i_old,3.189,3.286,3.761,-0.616,1.022,1.467,1.851,2.283,2.565,,,3,2,0.5,0.72,24.305,1.36,737.7,1.6,-230,1.31,12,2,3,3,3.968,3.953,3.411,3.509,3.984
Ca,CdTe,M_i_old,3.521,3.995,4.470,-0.598,1.070,1.519,1.862,2.273,2.620,,,4,2,0.5,1,40.078,1.74,589.8,1.97,-156,1,20,2,3,3,4.167,4.152,4.115,4.589,5.064
Sr,CdTe,M_i_old,3.970,4.444,4.919,-0.545,1.113,1.554,1.902,2.296,2.660,,,5,2,0.5,1.26,87.62,1.91,549.5,2.15,-168,0.95,38,2,3,3,4.278,4.263,4.847,5.321,5.796
Ba,CdTe,M_i_old,4.442,4.916,5.391,-0.519,1.165,1.556,1.921,2.300,2.624,,,6,2,0.5,1.42,137.33,1.98,502.9,2.22,-52,0.89,56,2,3,3,4.385,4.370,5.717,6.191,6.666
B,CdTe,M_i_old,5.052,5.052,5.052,-0.882,-0.272,0.874,1.581,1.981,2.310,,,2,13,0.5,0.23,10.811,0.82,800.6,0.98,27,2.04,5,3,3,3,3.448,3.433,5.034,5.034,5.034
Al,CdTe,M_i_old,3.060,3.472,4.205,0.771,0.771,1.336,1.769,2.119,2.521,,,3,13,0.5,0.54,26.98154,1.18,577.6,1.43,45,1.61,13,3,3,3,3.651,3.636,3.037,3.449,4.183
Ga,CdTe,M_i_old,2.360,2.745,3.318,0.220,0.220,1.324,1.761,2.135,2.537,,,4,13,0.5,0.62,69.723,1.26,578.8,1.41,29,1.81,31,3,3,3,3.659,3.644,2.429,2.814,3.387
In,CdTe,M_i_old,3.414,3.033,3.704,-0.223,0.183,1.398,1.801,2.175,2.586,,,5,13,0.5,0.8,114.82,1.44,558.3,1.66,29,1.78,49,3,3,3,3.896,3.881,3.675,3.295,3.965
Tl,CdTe,M_i_old,2.738,2.942,3.212,-0.539,-0.171,1.397,1.825,2.203,2.622,,,6,13,0.5,1.59,204.383,1.48,589.3,1.71,30,2.04,81,3,3,3,3.962,3.947,3.180,3.383,3.654
C,CdTe,M_i_old,6.663,6.663,6.663,0.310,0.310,1.183,1.183,1.860,2.418,,,2,14,0.5,0.16,12.011,0.77,1086.4,0.91,122.3,2.55,6,4,3,3,3.199,3.184,6.525,6.525,6.525
Si,CdTe,M_i_old,3.611,3.611,3.611,-0.323,0.151,1.148,1.669,1.994,2.480,,,3,14,0.5,0.26,28.0855,1.11,786.4,1.32,133.6,1.9,14,4,3,3,3.694,3.679,3.594,3.594,3.594
Ge,CdTe,M_i_old,3.017,3.017,3.330,-0.651,0.314,1.165,1.702,2.045,2.447,,,4,14,0.5,0.53,72.61,1.22,762.1,1.37,120,2.01,32,4,3,3,3.745,3.730,3.034,3.034,3.348
Sn,CdTe,M_i_old,3.155,3.430,3.905,-0.634,1.052,1.440,1.759,2.110,2.522,,,5,14,0.5,0.71,118.71,1.41,708.6,1.62,121,1.96,50,4,3,3,3.900,3.885,3.435,3.709,4.184
Pb,CdTe,M_i_old,3.306,3.780,4.255,-0.562,0.717,1.395,1.800,2.092,2.587,,,6,14,0.5,1.19,207.2,1.47,715.5,1.75,110,2.33,82,4,3,3,4.033,4.018,3.586,4.060,4.535
N,CdTe,M_i_old,4.500,4.421,4.342,-0.080,0.076,0.928,1.312,1.810,2.138,,,2,15,0.5,1.71,14.0067,0.75,1402.3,0.92,-7,3.04,7,5,3,3,2.337,2.322,4.666,4.587,4.508
P,CdTe,M_i_old,3.602,3.365,3.309,-0.751,0.056,1.156,1.448,1.724,2.266,,,3,15,0.5,0.17,30.97376,1.06,1011.7,1.28,71.7,2.19,15,5,3,3,3.879,3.864,3.448,3.211,3.156
As,CdTe,M_i_old,3.530,3.007,3.030,-0.587,0.023,1.213,1.539,1.841,2.381,,,4,15,0.5,0.58,74.9216,1.2,947,1.39,77,2.16,33,5,3,3,4.039,4.024,3.461,2.938,2.960
Sb,CdTe,M_i_old,4.800,5.511,6.223,-0.631,0.227,1.289,1.606,1.986,2.358,,,5,15,0.5,0.76,121.757,1.4,833.7,1.59,101,2.05,51,5,3,3,3.889,3.874,5.023,5.734,6.446
Bi,CdTe,M_i_old,3.429,3.429,4.026,-0.601,0.428,1.343,1.689,2.089,2.427,,,6,15,0.5,1.03,208.9804,1.46,703.3,1.7,110,2.02,83,5,3,3,4.225,4.210,3.814,3.814,4.411
O,CdTe,M_i_old,3.745,3.271,3.050,-0.823,-0.505,-0.196,0.218,0.459,2.365,,,2,16,0.5,1.4,15.9994,0.73,1313.9,0.73,141.1,3.44,8,2,3,3,2.354,2.339,3.788,3.314,3.092
S,CdTe,M_i_old,3.849,3.375,2.901,-0.640,0.345,0.415,0.875,1.293,2.190,,,3,16,0.5,0.29,32.066,1.02,999.58,1.27,200.42,2.58,16,6,3,3,2.499,2.484,3.538,3.064,2.590
Se,CdTe,M_i_old,3.814,3.340,2.866,-0.557,0.393,0.606,1.048,1.476,2.228,,,4,16,0.5,0.5,78.96,1.16,940.9,1.4,194.96,2.55,34,6,3,3,2.914,2.899,3.790,3.316,2.842
Te,CdTe,M_i_old,3.993,3.518,3.044,-0.584,0.604,0.872,1.236,1.675,2.287,,,5,16,0.5,0.97,127.6,1.36,869.2,1.6,190.15,2.1,52,6,3,3,3.912,3.897,4.232,3.757,3.283
F,CdTe,M_i_old,2.605,2.368,2.131,-0.833,-0.529,-0.229,0.074,1.783,2.250,,,2,17,0.5,1.33,18.9984,0.72,1681,0.72,328,3.98,9,1,3,3,1.551,1.536,2.085,1.848,1.611
Cl,CdTe,M_i_old,2.966,2.729,2.492,-0.680,-0.371,0.021,0.428,1.884,2.324,,,3,17,0.5,1.81,35.4527,0.99,1251.1,0.99,348.8,3.16,17,7,3,3,2.320,2.305,2.993,2.756,2.519
Br,CdTe,M_i_old,2.998,2.761,2.524,-0.647,-0.368,-0.072,0.230,1.915,2.374,,,4,17,0.5,1.96,79.904,1.14,1139.9,1.14,324.6,2.96,35,7,3,3,2.778,2.763,3.466,3.229,2.992
I,CdTe,M_i_old,3.870,3.633,3.396,-0.334,0.007,0.450,0.924,1.988,2.443,,,5,17,0.5,2.2,126.9045,1.33,1008.4,1.33,295.3,2.66,53,7,3,3,3.438,3.423,4.428,4.191,3.954
Sc,CdTe,M_i_old,4.050,4.761,5.473,1.018,1.018,1.433,1.763,2.138,2.541,,,4,3,0.5,0.75,44.9559,1.44,631,1.606,18.1,1.36,21,3,3,3,3.859,3.844,4.100,4.811,5.523
Ti,CdTe,M_i_old,3.340,4.065,5.015,0.298,0.956,1.353,1.741,2.132,2.547,,,4,4,0.5,0.61,47.88,1.32,658,1.448,20,1.54,22,4,3,3,3.799,3.784,3.667,4.393,5.343
V,CdTe,M_i_old,2.879,3.357,4.223,0.141,0.607,1.184,1.683,2.049,2.436,,,4,5,0.5,0.54,50.9415,1.22,650,1.321,50,1.63,23,5,3,3,3.648,3.633,3.031,3.509,4.374
Cr,CdTe,M_i_old,1.978,2.617,3.383,-0.629,-0.152,1.284,1.722,2.112,2.557,,,4,6,0.5,0.62,51.996,1.18,652.8,1.249,64,1.66,24,6,3,3,3.794,3.779,2.132,2.772,3.537
Mn,CdTe,M_i_old,2.144,2.618,3.281,-0.741,0.676,1.272,1.699,1.999,2.426,,,4,7,0.5,0.67,54.938,1.17,717.4,1.24,0,1.55,25,7,3,3,3.679,3.664,2.156,2.630,3.293
Fe,CdTe,M_i_old,2.303,2.777,3.684,-0.764,0.304,1.176,1.652,2.295,2.295,,,4,8,0.5,0.55,55.847,1.17,759.3,1.241,24,1.83,26,6,3,3,3.525,3.510,2.353,2.827,3.734
Co,CdTe,M_i_old,2.084,2.564,3.514,-0.674,0.129,0.901,1.572,1.957,2.251,,,4,9,0.5,0.65,58.9332,1.16,758,1.253,70,1.88,27,3,3,3,3.641,3.626,2.056,2.537,3.487
Ni,CdTe,M_i_old,2.295,2.038,2.729,-0.699,-0.203,0.416,1.539,1.973,2.349,,,4,10,0.5,0.69,58.6934,1.15,736.7,1.246,111,1.91,28,3,3,3,3.018,3.003,2.298,2.042,2.732
Cu,CdTe,M_i_old,2.498,1.937,2.217,-0.738,-0.400,1.263,1.718,2.082,2.428,,,4,11,0.5,0.73,63.456,1.17,745.4,1.278,118.3,1.9,29,2,3,3,3.641,3.626,2.528,1.967,2.248
Zn,CdTe,M_i_old,2.211,2.685,3.160,-0.660,0.982,0.991,1.678,2.056,2.445,,,4,12,0.5,0.74,65.39,1.25,906.4,1.332,0,1.65,30,2,3,3,3.724,3.709,2.336,2.810,3.285
Y,CdTe,M_i_old,4.121,4.869,6.059,0.709,1.065,1.491,1.816,2.167,2.548,,,5,3,0.5,1.02,88.9059,1.62,616,1.81,0,1.22,39,3,3,3,4.047,4.032,4.358,5.106,6.297
Zr,CdTe,M_i_old,4.134,4.818,6.155,0.606,0.951,1.364,1.773,2.063,2.201,,,5,4,0.5,0.84,91.224,1.45,660,1.6,50,1.33,40,4,3,3,3.768,3.753,4.650,5.334,6.671
Nb,CdTe,M_i_old,4.494,4.823,6.033,-0.475,1.028,1.114,1.659,2.072,2.411,,,5,5,0.5,0.64,92.9064,1.34,664,1.429,96,1.6,41,5,3,3,3.724,3.709,4.625,4.954,6.164
Mo,CdTe,M_i_old,4.701,4.701,5.454,-0.135,0.215,1.230,1.666,1.979,2.335,,,5,6,0.5,0.59,95.94,1.3,684.9,1.362,96,2.16,42,6,3,3,3.590,3.575,4.769,4.769,5.521
Tc,CdTe,M_i_old,4.277,4.277,4.277,-0.527,0.371,0.809,1.528,2.013,2.255,,,5,7,0.5,0.56,98,1.27,702,1.358,70,1.9,43,7,3,3,3.169,3.154,4.187,4.187,4.187
Ru,CdTe,M_i_old,3.813,3.872,4.822,-0.357,-0.156,0.823,1.355,1.952,2.203,,,5,8,0.5,0.62,101.07,1.25,711,1.325,110,2.2,44,8,3,3,3.092,3.077,3.738,3.798,4.748
Rh,CdTe,M_i_old,3.104,3.573,4.523,-0.467,-0.191,0.466,1.033,1.865,2.285,,,5,9,0.5,0.67,102.9055,1.25,720,1.345,120,2.28,45,6,3,3,2.812,2.797,2.979,3.448,4.398
Pd,CdTe,M_i_old,1.693,1.219,1.684,-0.707,-0.349,0.053,1.543,2.002,2.401,,,5,10,0.5,0.64,106.42,1.28,805,1.375,60,2.2,46,4,3,3,2.597,2.852,1.695,1.221,1.686
Ag,CdTe,M_i_old,2.016,1.641,1.765,-0.707,-0.368,1.301,1.707,2.142,2.611,,,5,11,0.5,1.15,107.868,1.34,731,1.444,125.7,1.93,47,2,3,3,3.754,3.739,2.127,1.752,1.876
Cd,CdTe,M_i_old,2.178,2.652,3.127,-0.669,0.734,1.090,1.750,2.111,2.503,,,5,12,0.5,0.95,112.41,1.41,867.7,1.489,0,1.69,48,2,3,3,3.857,3.842,2.450,2.924,3.399
La,CdTe,M_i_old,4.672,5.383,6.379,0.592,1.063,1.504,1.875,2.224,2.553,,,6,3,0.5,1.16,138.9055,1.25,538.1,1.877,50,1.1,57,3,3,3,4.137,4.122,5.355,6.066,7.061
Hf,CdTe,M_i_old,3.777,3.777,3.777,0.948,0.958,1.362,1.731,2.136,2.240,,,6,4,0.5,0.83,178.49,1.44,642,1.564,0,1.3,72,4,3,3,3.806,3.791,4.154,4.154,4.154
Ta,CdTe,M_i_old,5.548,5.548,5.548,-0.242,0.988,1.388,1.733,2.066,1.053,,,6,5,0.5,0.64,180.9479,1.34,761,1.43,60,1.5,73,5,3,3,3.727,3.712,5.570,5.570,5.570
W,CdTe,M_i_old,6.270,6.270,6.270,0.337,0.552,1.220,1.644,2.006,2.266,,,6,6,0.5,0.6,183.85,1.3,770,1.37,60,2.36,74,6,3,3,3.567,3.552,6.308,6.308,6.308
Re,CdTe,M_i_old,5.922,5.922,5.922,-0.223,0.488,0.863,1.510,1.880,2.266,,,6,7,0.5,0.53,186.207,1.28,760,1.37,14,1.9,75,7,3,3,3.442,3.427,5.974,5.974,5.974
Os,CdTe,M_i_old,5.264,5.264,5.264,-0.119,0.090,0.705,1.477,1.943,2.236,,,6,8,0.5,0.63,190.2,1.26,840,1.34,110,2.2,76,8,3,3,3.333,3.318,5.313,5.313,5.313
Ir,CdTe,M_i_old,3.515,3.515,3.846,-0.201,-0.019,0.598,1.087,1.871,2.279,,,6,9,0.5,0.63,192.22,1.27,880,1.357,150,2.2,77,3,3,3,3.006,2.991,3.397,3.397,3.729
Pt,CdTe,M_i_old,2.251,1.777,2.613,-0.603,-0.272,0.166,1.531,1.987,2.385,,,6,10,0.5,0.63,195.08,1.3,870,1.38,205.3,2.28,78,4,3,3,2.781,2.766,2.238,1.764,2.600
Au,CdTe,M_i_old,2.811,1.784,1.954,-0.696,-0.353,1.172,1.536,2.044,2.381,,,6,11,0.5,0.85,196.9665,1.34,890.1,1.442,222.74,2.54,79,3,3,3,3.584,3.569,2.754,1.727,1.897
Hg,CdTe,M_i_old,2.425,2.108,2.401,-0.619,0.473,0.700,1.681,2.101,2.502,,,6,12,0.5,1.02,200.59,1.49,1007,1.6,0,2,80,2,3,3,3.683,3.668,2.770,2.454,2.747
